Frame Number, Location X, Location Y, Rotation
1476, 1189.363386, 440.0, 180.0
1477, 1189.363386, 440.0, 180.0
1478, 1189.363386, 440.0, 180.0
1479, 1189.363386, 440.0, 180.0
1480, 1189.363386, 440.0, 180.0
1481, 1189.363386, 440.0, 180.0
1482, 1189.363386, 440.0, 180.0
1483, 1189.363386, 440.0, 180.0
1484, 1189.363386, 440.0, 180.0
1485, 1189.363386, 440.0, 180.0
1486, 1189.363386, 440.0, 180.0
1487, 1189.363386, 440.0, 180.0
1488, 1189.363386, 440.0, 180.0
1489, 1189.363386, 440.0, 180.0
1490, 1189.363386, 440.0, 180.0
1491, 1189.363386, 440.0, 180.0
1492, 1189.363386, 440.0, 180.0
1493, 1189.363386, 440.0, 180.0
1494, 1189.363386, 440.0, 180.0
1495, 1189.363386, 440.0, 180.0
1496, 1189.363386, 440.0, 180.0
1497, 1189.363386, 440.0, 180.0
1498, 1189.363386, 440.0, 180.0
1499, 1189.363386, 440.0, 180.0
1500, 1189.363386, 440.0, 180.0
1501, 1189.363386, 440.0, 180.0
1502, 1189.363386, 440.0, 180.0
1503, 1189.363386, 440.0, 180.0
1504, 1189.363386, 440.0, 180.0
1505, 1189.363386, 440.0, 180.0
1506, 1189.363386, 440.0, 180.0
1507, 1189.363386, 440.0, 180.0
1508, 1189.363386, 440.0, 180.0
1509, 1189.363386, 440.0, 180.0
1510, 1189.363386, 440.0, 180.0
1511, 1189.363386, 440.0, 180.0
1512, 1189.363386, 440.0, 180.0
1513, 1189.363386, 440.0, 180.0
1514, 1189.363386, 440.0, 180.0
1515, 1189.363386, 440.0, 180.0
1516, 1189.363386, 440.0, 180.0
1517, 1189.363386, 440.0, 180.0
1518, 1189.363386, 440.0, 180.0
1519, 1189.363386, 440.0, 180.0
1520, 1189.363386, 440.0, 180.0
1521, 1189.363386, 440.0, 180.0
1522, 1189.363386, 440.0, 180.0
1523, 1189.363386, 440.0, 180.0
1524, 1189.363386, 440.0, 180.0
1525, 1189.363386, 440.0, 180.0
1526, 1189.363386, 440.0, 180.0
1527, 1189.363386, 440.0, 180.0
1528, 1189.363386, 440.0, 180.0
1529, 1189.363386, 440.0, 180.0
1530, 1189.363386, 440.0, 180.0
1531, 1189.363386, 440.0, 180.0
1532, 1189.363386, 440.0, 180.0
1533, 1189.363386, 440.0, 180.0
1534, 1189.363386, 440.0, 180.0
1535, 1189.363386, 440.0, 180.0
1536, 1189.363386, 440.0, 180.0
1537, 1189.363386, 440.0, 180.0
1538, 1189.363386, 440.0, 180.0
1539, 1189.363386, 440.0, 180.0
1540, 1189.363386, 440.0, 180.0
1541, 1189.363386, 440.0, 180.0
1542, 1189.363386, 440.0, 180.0
1543, 1189.363386, 440.0, 180.0
1544, 1189.363386, 440.0, 180.0
1545, 1189.363386, 440.0, 180.0
1546, 1189.363386, 440.0, 180.0
1547, 1189.363386, 440.0, 180.0
1548, 1189.363386, 440.0, 180.0
1549, 1189.363386, 440.0, 180.0
1550, 1189.363386, 440.0, 180.0
1551, 1189.363386, 440.0, 180.0
1552, 1189.363386, 440.0, 180.0
1553, 1189.363386, 440.0, 180.0
1554, 1189.363386, 440.0, 180.0
1555, 1189.363386, 440.0, 180.0
1556, 1189.363386, 440.0, 180.0
1557, 1189.363386, 440.0, 180.0
1558, 1189.363386, 440.0, 180.0
1559, 1189.363386, 440.0, 180.0
1560, 1189.363386, 440.0, 180.0
1561, 1189.363386, 440.0, 180.0
1562, 1189.363386, 440.0, 180.0
1563, 1189.363386, 440.0, 180.0
1564, 1189.363386, 440.0, 180.0
1565, 1189.363386, 440.0, 180.0
1566, 1189.363386, 440.0, 180.0
1567, 1189.363386, 440.0, 180.0
1568, 1189.363386, 440.0, 180.0
1569, 1189.363386, 440.0, 180.0
1570, 1189.363386, 440.0, 180.0
1571, 1189.363386, 440.0, 180.0
1572, 1189.363386, 440.0, -179.998138
1573, 1189.359211, 440.0, -179.968048
1574, 1189.343436, 439.999993, -179.898804
1575, 1189.309342, 439.99995, -179.79393
1576, 1189.251136, 439.999806, -179.658371
1577, 1189.163825, 439.999453, -179.496857
1578, 1189.04193, 439.998726, -179.313324
1579, 1188.884076, 439.997431, -179.110062
1580, 1188.6865, 439.99531, -178.889999
1581, 1188.439328, 439.991948, -178.656403
1582, 1188.163676, 439.987388, -178.41246
1583, 1187.846352, 439.98113, -178.160522
1584, 1187.479684, 439.972643, -177.901688
1585, 1187.062438, 439.961468, -177.637436
1586, 1186.597174, 439.947242, -177.369385
1587, 1186.090825, 439.929796, -177.098907
1588, 1185.537149, 439.908501, -176.826874
1589, 1184.954777, 439.883773, -176.554962
1590, 1184.318542, 439.854112, -176.283997
1591, 1183.624766, 439.81879, -176.017303
1592, 1182.882497, 439.777794, -175.754929
1593, 1182.08914, 439.730533, -175.497116
1594, 1181.234372, 439.675866, -175.246262
1595, 1180.325009, 439.613751, -175.007111
1596, 1179.41289, 439.547737, -174.782104
1597, 1178.513305, 439.479239, -174.573624
1598, 1177.560948, 439.403135, -174.381226
1599, 1176.586029, 439.321703, -174.203613
1600, 1175.546565, 439.23114, -174.04216
1601, 1174.517701, 439.141108, -173.893951
1602, 1173.588767, 439.059425, -173.756805
1603, 1172.723176, 438.982899, -173.628677
1604, 1171.924323, 438.911872, -173.508026
1605, 1171.155562, 438.843101, -173.395752
1606, 1170.423776, 438.777222, -173.290421
1607, 1169.685776, 438.710336, -173.190445
1608, 1168.931096, 438.637636, -173.094604
1609, 1168.189025, 438.562629, -173.000046
1610, 1167.415675, 438.481172, -172.905945
1611, 1166.619978, 438.394358, -172.812851
1612, 1165.79442, 438.301474, -172.721588
1613, 1164.952687, 438.204209, -172.638214
1614, 1164.079069, 438.100846, -172.565582
1615, 1163.168342, 437.990817, -172.50473
1616, 1162.213853, 437.873358, -172.454773
1617, 1161.240157, 437.751646, -172.415085
1618, 1160.223879, 437.622882, -172.384811
1619, 1159.202, 437.491956, -172.362579
1620, 1158.139665, 437.354553, -172.347321
1621, 1157.069279, 437.21504, -172.337997
1622, 1155.90221, 437.061905, -172.333817
1623, 1154.650826, 436.896793, -172.333939
1624, 1153.408104, 436.73214, -172.337631
1625, 1152.124055, 436.561471, -172.344513
1626, 1150.832454, 436.38941, -172.353607
1627, 1149.514228, 436.21353, -172.364716
1628, 1148.122037, 436.027603, -172.37738
1629, 1146.742208, 435.843252, -172.391495
1630, 1145.305834, 435.651353, -172.406601
1631, 1143.817506, 435.452598, -172.422653
1632, 1142.240382, 435.242151, -172.439514
1633, 1140.609346, 435.024746, -172.456863
1634, 1138.940736, 434.802628, -172.474777
1635, 1137.300195, 434.584571, -172.493149
1636, 1135.598229, 434.358731, -172.511978
1637, 1133.825896, 434.123995, -172.531555
1638, 1132.018598, 433.885113, -172.551834
1639, 1130.204431, 433.645829, -172.572571
1640, 1128.323149, 433.398262, -172.593994
1641, 1126.47592, 433.155748, -172.615799
1642, 1124.601628, 432.9103, -172.638
1643, 1122.656848, 432.656311, -172.66069
1644, 1120.736494, 432.406202, -172.683792
1645, 1118.864004, 432.163002, -172.707962
1646, 1116.98326, 431.919436, -172.73262
1647, 1115.084959, 431.674338, -172.758514
1648, 1113.158914, 431.426448, -172.785706
1649, 1111.35192, 431.194601, -172.81398
1650, 1109.474282, 430.954505, -172.843552
1651, 1107.526999, 430.706413, -172.87468
1652, 1105.698032, 430.474229, -172.907425
1653, 1103.842723, 430.239604, -172.941971
1654, 1101.951709, 430.001445, -172.978271
1655, 1100.009364, 429.757908, -173.016312
1656, 1098.08346, 429.517543, -173.05571
1657, 1096.22052, 429.286119, -173.096405
1658, 1094.313426, 429.050399, -173.138245
1659, 1092.455534, 428.821929, -173.18132
1660, 1090.609099, 428.59607, -173.225311
1661, 1088.73175, 428.367719, -173.270248
1662, 1086.840902, 428.139073, -173.316483
1663, 1084.915779, 427.907719, -173.363983
1664, 1082.996961, 427.678586, -173.412704
1665, 1081.024448, 427.444625, -173.463425
1666, 1079.153816, 427.224209, -173.515503
1667, 1077.293265, 427.006476, -173.56897
1668, 1075.410183, 426.787688, -173.623734
1669, 1073.505121, 426.568014, -173.680008
1670, 1071.622374, 426.352585, -173.738724
1671, 1069.735414, 426.138408, -173.799881
1672, 1067.823806, 425.923274, -173.867065
1673, 1065.965441, 425.71595, -173.944351
1674, 1063.996675, 425.498503, -174.032242
1675, 1062.063283, 425.287246, -174.135147
1676, 1060.150748, 425.080741, -174.252869
1677, 1058.267964, 424.880129, -174.384644
1678, 1056.38017, 424.682008, -174.529968
1679, 1054.430449, 424.480984, -174.687958
1680, 1052.611071, 424.296851, -174.858856
1681, 1050.695186, 424.107191, -175.043228
1682, 1048.760939, 423.920425, -175.239548
1683, 1046.848743, 423.740774, -175.446457
1684, 1044.978032, 423.570157, -175.662033
1685, 1043.061136, 423.401107, -175.884933
1686, 1041.098794, 423.234451, -176.114304
1687, 1039.151545, 423.075671, -176.349228
1688, 1037.24365, 422.9267, -176.588745
1689, 1035.291444, 422.781458, -176.832367
1690, 1033.333274, 422.643227, -177.07991
1691, 1031.436833, 422.516541, -177.330826
1692, 1029.513652, 422.395678, -177.584595
1693, 1027.604504, 422.283376, -177.841049
1694, 1025.694601, 422.178881, -178.099747
1695, 1023.751032, 422.080826, -178.361145
1696, 1021.837274, 421.992415, -178.624374
1697, 1019.885956, 421.910858, -178.889328
1698, 1017.949737, 421.838471, -179.156006
1699, 1016.008326, 421.774563, -179.42392
1700, 1014.093788, 421.720055, -179.692963
1701, 1012.152746, 421.673632, -179.963165
1702, 1010.178561, 421.635619, 179.765503
1703, 1008.267146, 421.60747, 179.493317
1704, 1006.300556, 421.58775, 179.220596
1705, 1004.378576, 421.577328, 178.947067
1706, 1002.437487, 421.57589, 178.673126
1707, 1000.406751, 421.584359, 178.39859
1708, 998.527455, 421.600712, 178.123718
1709, 996.549716, 421.627447, 177.848541
1710, 994.637534, 421.662204, 177.573135
1711, 992.700772, 421.706606, 177.297455
1712, 990.727822, 421.761408, 177.021545
1713, 988.817219, 421.82345, 176.745453
1714, 986.838141, 421.897385, 176.469193
1715, 984.933888, 421.977468, 176.19281
1716, 982.996542, 422.068252, 175.916595
1717, 981.065722, 422.16799, 175.640366
1718, 979.133588, 422.277087, 175.364258
1719, 977.189765, 422.396268, 175.088242
1720, 975.253436, 422.524343, 174.812469
1721, 973.272304, 422.665181, 174.536819
1722, 971.374541, 422.809063, 174.261551
1723, 969.442089, 422.964921, 173.986496
1724, 967.47601, 423.133169, 173.7117
1725, 965.585569, 423.303878, 173.437119
1726, 963.634464, 423.489627, 173.16301
1727, 961.698095, 423.683377, 172.889404
1728, 959.746915, 423.888153, 172.616257
1729, 957.81685, 424.100042, 172.343658
1730, 955.859716, 424.3245, 172.071793
1731, 953.965678, 424.550697, 171.800644
1732, 952.059965, 424.787413, 171.530319
1733, 950.104742, 425.039898, 171.260864
1734, 947.655206, 425.371182, 170.992615
1735, 946.257891, 425.564828, 170.725174
1736, 944.37685, 425.834453, 170.459229
1737, 942.478861, 426.115622, 170.194977
1738, 940.559535, 426.409256, 169.93277
1739, 938.644209, 426.711504, 169.674484
1740, 936.763618, 427.017126, 169.429947
1741, 934.880371, 427.331968, 169.200287
1742, 932.959077, 427.662137, 168.990158
1743, 931.043795, 427.999877, 168.802521
1744, 929.148785, 428.342095, 168.639465
1745, 927.360841, 428.665763, 168.518311
1746, 925.648045, 428.976647, 168.432846
1747, 924.098565, 429.258663, 168.384247
1748, 922.692115, 429.515374, 168.377899
1749, 921.490219, 429.735351, 168.41748
1750, 920.465233, 429.923427, 168.507614
1751, 919.493063, 430.102253, 168.643295
1752, 918.68497, 430.251188, 168.811569
1753, 917.932356, 430.390112, 169.010544
1754, 917.17897, 430.529338, 169.255676
1755, 916.458238, 430.662606, 169.543457
1756, 915.717429, 430.799534, 169.874634
1757, 914.976879, 430.935499, 170.239639
1758, 914.243143, 431.068553, 170.630951
1759, 913.500552, 431.200821, 171.042236
1760, 912.749522, 431.33154, 171.469574
1761, 912.001699, 431.458164, 171.9095
1762, 911.262654, 431.579416, 172.359589
1763, 910.489681, 431.701585, 172.818604
1764, 909.751338, 431.813757, 173.285217
1765, 908.981573, 431.925496, 173.758469
1766, 908.196016, 432.033885, 174.236984
1767, 907.440588, 432.132755, 174.721573
1768, 906.660441, 432.228971, 175.212067
1769, 905.886217, 432.318538, 175.707993
1770, 905.088569, 432.404424, 176.210815
1771, 904.287325, 432.484215, 176.725632
1772, 903.46834, 432.558964, 177.252411
1773, 902.641645, 432.627456, 177.790909
1774, 901.798917, 432.69001, 178.339752
1775, 900.929284, 432.746784, 178.897247
1776, 900.05734, 432.795922, 179.46698
1777, 899.164959, 432.838065, -179.952377
1778, 898.245419, 432.872852, -179.362442
1779, 897.3282, 432.898946, -178.765137
1780, 896.405571, 432.916426, -178.161591
1781, 895.488525, 432.925058, -177.553162
1782, 894.369854, 432.922506, -176.940521
1783, 893.259043, 432.907424, -176.324432
1784, 892.199634, 432.88181, -175.705276
1785, 891.161035, 432.845909, -175.083694
1786, 890.172194, 432.801881, -174.460297
1787, 888.076097, 432.664754, -173.834442
1788, 887.040462, 432.588153, -173.207382
1789, 886.058638, 432.507117, -172.579147
1790, 885.042557, 432.413765, -171.949814
1791, 882.978919, 432.184495, -171.319199
1792, 881.913038, 432.057028, -170.687958
1793, 880.930611, 431.931333, -170.056091
1794, 879.912709, 431.791718, -169.423508
1795, 877.887769, 431.475981, -168.78981
1796, 876.865947, 431.308241, -168.155685
1797, 875.9224, 431.145618, -167.520981
1798, 873.979949, 430.776481, -166.883636
1799, 872.92567, 430.567122, -166.244431
1800, 871.934964, 430.36185, -165.603821
1801, 869.935551, 429.911171, -164.960983
1802, 868.838714, 429.654196, -164.316895
1803, 867.805256, 429.402787, -163.671829
1804, 866.714836, 429.126495, -163.025742
1805, 864.892424, 428.633038, -162.377411
1806, 863.808566, 428.329282, -161.727905
1807, 861.85625, 427.747179, -161.076645
1808, 860.890144, 427.451316, -160.424484
1809, 859.818455, 427.112528, -159.771622
1810, 858.788591, 426.776575, -159.117981
1811, 856.800851, 426.08794, -158.461029
1812, 855.81994, 425.739396, -157.802185
1813, 854.810386, 425.370605, -157.140976
1814, 852.749105, 424.573668, -156.474075
1815, 851.810891, 424.202883, -155.804352
1816, 850.956558, 423.857842, -155.131668
1817, 848.852959, 422.959948, -154.451721
1818, 847.830822, 422.513682, -153.769135
1819, 846.921444, 422.107981, -153.083771
1820, 845.013501, 421.21572, -152.391312
1821, 843.946, 420.704805, -151.691589
1822, 842.949579, 420.216904, -150.984268
1823, 841.804957, 419.640826, -150.269363
1824, 840.067015, 418.729086, -149.544724
1825, 839.005955, 418.1594, -148.814865
1826, 837.961039, 417.584764, -148.080521
1827, 836.864158, 416.965557, -147.342148
1828, 834.942838, 415.83, -146.597443
1829, 833.982148, 415.250593, -145.849823
1830, 832.902734, 414.58349, -145.099304
1831, 831.884958, 413.939294, -144.346115
1832, 830.72032, 413.181031, -143.589996
1833, 828.911245, 411.951016, -142.828751
1834, 827.990452, 411.312472, -142.064056
1835, 827.12835, 410.702597, -141.291855
1836, 825.115707, 409.208215, -140.478363
1837, 824.09356, 408.432999, -139.646118
1838, 823.113232, 407.672979, -138.784088
1839, 822.190599, 406.941615, -137.880127
1840, 821.26089, 406.186716, -136.902313
1841, 819.371926, 404.572195, -135.794678
1842, 818.519111, 403.827417, -134.636703
1843, 817.496025, 402.907126, -133.431427
1844, 816.498891, 401.981568, -132.190582
1845, 814.658082, 400.163295, -130.909958
1846, 813.814441, 399.307705, -129.615524
1847, 812.812876, 398.255218, -128.31015
1848, 811.791917, 397.13964, -126.997574
1849, 810.0987, 395.157708, -125.677567
1850, 809.305836, 394.201635, -124.354813
1851, 808.375176, 393.034315, -123.030846
1852, 806.777612, 390.878099, -121.707039
1853, 806.007245, 389.803866, -120.382919
1854, 805.26314, 388.728723, -119.05925
1855, 803.843748, 386.514732, -117.747253
1856, 803.137113, 385.372482, -116.445663
1857, 801.790627, 383.178081, -115.18914
1858, 801.044864, 381.955865, -113.994026
1859, 800.376883, 380.854579, -112.861282
1860, 799.073917, 378.677962, -111.820099
1861, 798.486024, 377.631785, -110.815269
1862, 797.823188, 376.363661, -109.836746
1863, 796.774152, 374.111895, -108.862549
1864, 796.220024, 372.858261, -107.889801
1865, 795.183612, 370.256646, -106.914932
1866, 794.643894, 368.835376, -105.936302
1867, 793.74851, 366.26382, -104.951355
1868, 793.222088, 364.676029, -103.963066
1869, 792.337167, 361.742434, -102.970856
1870, 791.91343, 360.274569, -101.976616
1871, 791.503514, 358.782118, -100.980827
1872, 790.737852, 355.657337, -99.982582
1873, 790.378923, 354.112412, -98.983498
1874, 789.731129, 350.958961, -97.982582
1875, 789.413635, 349.313348, -96.981262
1876, 788.911333, 346.348234, -95.977943
1877, 788.636216, 344.591255, -94.972839
1878, 788.397578, 342.9307, -93.966003
1879, 788.009253, 339.625448, -92.955917
1880, 787.812274, 337.734435, -91.943939
1881, 787.646116, 335.899266, -90.930244
1882, 787.418575, 332.316176, -89.913841
1883, 787.324222, 330.474331, -88.89637
1884, 787.230702, 326.959691, -87.877335
1885, 787.203581, 325.162964, -86.857674
1886, 787.205125, 322.8998, -85.838127
1887, 787.296639, 319.352891, -84.860825
1888, 787.369221, 317.445353, -83.911652
1889, 787.524378, 313.651453, -83.020691
1890, 787.631207, 311.758696, -82.155548
1891, 787.749076, 310.081137, -81.325562
1892, 788.041416, 306.122847, -80.561691
1893, 788.210712, 304.269146, -79.824158
1894, 788.406797, 302.449502, -79.107658
1895, 788.927131, 298.724255, -78.419327
1896, 789.212688, 296.849924, -77.742928
1897, 789.525228, 294.957098, -77.075523
1898, 790.191808, 291.420816, -76.42067
1899, 790.547233, 289.630011, -75.771034
1900, 791.280633, 286.261564, -75.127747
1901, 791.707576, 284.38265, -74.487808
1902, 792.152999, 282.505123, -73.850494
1903, 792.993107, 279.214427, -73.216164
1904, 793.460394, 277.444808, -72.583015
1905, 794.448555, 273.945347, -71.95192
1906, 795.000673, 272.04961, -71.321678
1907, 795.483061, 270.438386, -70.692047
1908, 796.591345, 266.956255, -70.063202
1909, 797.138489, 265.279897, -69.434593
1910, 797.710149, 263.575743, -68.805725
1911, 798.854068, 260.341185, -68.149513
1912, 799.465347, 258.654466, -67.440933
1913, 800.092855, 256.968487, -66.671219
1914, 801.309559, 253.864093, -65.78096
1915, 801.994501, 252.163085, -64.8274
1916, 803.427829, 248.804748, -63.722256
1917, 804.201943, 247.043554, -62.53746
1918, 804.911822, 245.476735, -61.291645
1919, 805.876276, 243.440544, -59.985237
1920, 807.459286, 240.325025, -58.621399
1921, 808.723812, 237.957023, -57.226955
1922, 809.996651, 235.687737, -55.812897
1923, 811.019069, 233.935308, -54.386871
1924, 812.03867, 232.25745, -52.951881
1925, 813.052764, 230.656356, -51.510136
1926, 814.120012, 229.043961, -50.062916
1927, 816.305676, 226.00952, -48.608212
1928, 817.370756, 224.581662, -47.150299
1929, 818.450198, 223.187104, -45.689342
1930, 819.799615, 221.523657, -44.225315
1931, 821.254357, 219.816313, -42.772984
1932, 822.68854, 218.210165, -41.336521
1933, 824.26018, 216.536064, -39.924637
1934, 825.92492, 214.851153, -38.541142
1935, 827.430093, 213.394223, -37.181213
1936, 830.387353, 210.761841, -35.866943
1937, 832.021598, 209.363166, -34.583927
1938, 833.669214, 207.95949, -33.459785
1939, 835.253664, 206.616654, -32.518154
1940, 836.791845, 205.320473, -31.720438
1941, 838.314507, 204.045316, -31.028917
1942, 839.853688, 202.764985, -30.415474
1943, 841.395314, 201.491741, -29.856726
1944, 842.954029, 200.214073, -29.336193
1945, 844.520945, 198.939777, -28.84251
1946, 846.080829, 197.681447, -28.367594
1947, 847.601939, 196.464342, -27.905186
1948, 849.230547, 195.172804, -27.45249
1949, 850.714774, 194.079688, -27.006916
1950, 852.23427, 193.030847, -26.566317
1951, 853.850005, 191.980121, -26.129805
1952, 855.506946, 190.958219, -25.695887
1953, 857.136958, 189.99777, -25.26412
1954, 858.889979, 189.008915, -24.83407
1955, 860.568124, 188.09678, -24.405146
1956, 862.259513, 187.208182, -23.977055
1957, 863.990687, 186.327309, -23.549599
1958, 864.455562, 185.461138, -23.123005
1959, 864.572515, 184.655543, -22.697025
1960, 864.598257, 183.960608, -22.27136
1961, 864.60591, 183.313289, -21.845976
1962, 864.607597, 182.727232, -21.420835
1963, 864.607597, 182.188726, -20.995838
1964, 864.607597, 181.691806, -20.570749
1965, 864.607597, 181.242466, -20.145863
1966, 864.607597, 180.821341, -19.720961
1967, 864.607597, 180.453399, -19.296087
1968, 864.607597, 180.108933, -18.87138
1969, 864.607597, 179.791273, -18.446865
1970, 864.607597, 179.498969, -18.03096
1971, 864.607597, 179.224194, -17.652054
1972, 864.607597, 178.983254, -17.347973
1973, 864.607597, 178.757107, -17.114197
1974, 864.608098, 178.565613, -16.936922
1975, 864.609116, 178.394664, -16.805914
1976, 864.609116, 178.239627, -16.712551
1977, 864.611085, 178.106164, -16.648069
1978, 864.614371, 178.014899, -16.605947
1979, 864.617203, 177.965505, -16.58131
1980, 864.618808, 177.945043, -16.570238
1981, 864.618808, 177.945043, -16.570059
1982, 864.618808, 177.945043, -16.570238
1983, 864.618808, 177.945043, -16.570238
1984, 864.618808, 177.945043, -16.570238
1985, 864.618808, 177.945043, -16.570238
1986, 864.618808, 177.945043, -16.570238
1987, 864.618808, 177.945043, -16.570238
1988, 864.618808, 177.945043, -16.570238
1989, 864.618808, 177.945043, -16.570238
1990, 864.618808, 177.945043, -16.570238
1991, 864.618808, 177.945043, -16.570238
1992, 864.618808, 177.945043, -16.570238
1993, 864.618808, 177.945043, -16.570238
1994, 864.618808, 177.945043, -16.570238
1995, 864.618808, 177.945043, -16.570238
1996, 864.618808, 177.945043, -16.570238
1997, 864.618808, 177.945043, -16.570238
1998, 864.618808, 177.945043, -16.570238
1999, 864.618808, 177.945043, -16.570238
2000, 864.618808, 177.945043, -16.569834
2001, 864.616817, 177.945636, -16.562349
2002, 864.587811, 177.954262, -16.542049
2003, 864.556867, 177.963458, -16.512501
2004, 864.507567, 177.978092, -16.474518
2005, 864.436505, 177.99915, -16.429293
2006, 864.343129, 178.026767, -16.377789
2007, 864.050845, 178.112895, -16.317846
2008, 863.8931, 178.159292, -16.253391
2009, 863.636905, 178.23441, -16.183851
2010, 863.361091, 178.315025, -16.110027
2011, 862.999941, 178.420178, -16.032362
2012, 862.158634, 178.66356, -15.951929
2013, 861.699481, 178.795989, -15.868851
2014, 861.215851, 178.935009, -15.783988
2015, 860.502727, 179.139008, -15.702042
2016, 859.715703, 179.363063, -15.624981
2017, 858.18779, 179.79479, -15.553863
2018, 857.3276, 180.037011, -15.485143
2019, 856.476381, 180.275893, -15.418441
2020, 855.445828, 180.56394, -15.353894
2021, 853.24653, 181.1742, -15.292454
2022, 851.996215, 181.519984, -15.23278
2023, 850.712999, 181.873674, -15.174694
2024, 849.432625, 182.225439, -15.120809
2025, 848.089115, 182.593366, -15.074485
2026, 846.3255, 183.076032, -15.039825
2027, 845.657071, 183.258916, -15.010618
2028, 845.121159, 183.405495, -14.987295
2029, 844.826518, 183.486054, -14.969504
2030, 844.701542, 183.520208, -14.957008
2031, 844.641445, 183.536623, -14.949928
2032, 844.641445, 183.536623, -14.949928
2033, 844.64712, 183.535108, -14.921145
2034, 844.677752, 183.526942, -14.834127
2035, 844.790228, 183.4971, -14.659568
2036, 845.008354, 183.439691, -14.389639
2037, 845.641418, 183.275713, -14.016694
2038, 846.047882, 183.171688, -13.600772
2039, 846.510464, 183.055205, -13.15161
2040, 847.082047, 182.914287, -12.675386
2041, 848.406946, 182.600706, -12.167684
2042, 849.29974, 182.394604, -11.645649
2043, 850.273014, 182.176264, -11.11283
2044, 851.301128, 181.95272, -10.572151
2045, 852.399629, 181.721914, -10.025177
2046, 853.603107, 181.478509, -9.47317
2047, 854.873376, 181.231836, -8.91711
2048, 856.292813, 180.968526, -8.357689
2049, 859.338258, 180.452099, -7.793928
2050, 860.864457, 180.20345, -7.228378
2051, 862.438763, 179.95821, -6.661438
2052, 864.129099, 179.708109, -6.093231
2053, 864.466783, 179.477578, -5.523942
2054, 864.541867, 179.234743, -4.953852
2055, 864.548399, 178.91174, -4.382607
2056, 864.577685, 178.769596, -3.810948
2057, 864.577685, 178.642098, -3.238928
2058, 864.577685, 178.508004, -2.666451
2059, 864.577685, 178.392959, -2.093836
2060, 864.577685, 178.296285, -1.521342
2061, 864.577685, 178.214282, -0.948951
2062, 864.577685, 178.142489, -0.377126
2063, 864.577685, 178.08274, 0.192284
2064, 864.577685, 178.03555, 0.755315
2065, 864.577685, 177.998455, 1.305373
2066, 864.577685, 177.958912, 1.768028
2067, 864.577685, 177.943119, 2.138621
2068, 864.61049, 177.931526, 2.425921
2069, 864.61049, 177.922877, 2.641664
2070, 864.622521, 177.916174, 2.798164
2071, 864.622521, 177.911248, 2.909795
2072, 864.626524, 177.907253, 2.985367
2073, 864.632505, 177.904063, 3.03301
2074, 864.632505, 177.901486, 3.058993
2075, 864.632505, 177.899405, 3.068563
2076, 864.632505, 177.899405, 3.068563
2077, 864.632505, 177.899405, 3.068563
2078, 864.632505, 177.899405, 3.068563
2079, 864.632505, 177.899405, 3.068563
2080, 864.632505, 177.899405, 3.068563
2081, 864.632505, 177.899405, 3.068563
2082, 864.632505, 177.899405, 3.068563
2083, 864.632505, 177.899405, 2.925813
2084, 864.632505, 177.899405, 2.028688
2085, 864.632505, 177.899405, 0.558622
2086, 864.632505, 177.899405, -1.260908
2087, 864.632505, 177.898865, -3.272936
2088, 864.632505, 177.896827, -5.390471
2089, 864.632505, 177.892006, -7.560074
2090, 864.632505, 177.883291, -9.753994
2091, 864.632505, 177.869829, -11.962557
2092, 864.632505, 177.849895, -14.176764
2093, 864.632505, 177.82459, -16.393301
2094, 864.632505, 177.792866, -18.60717
2095, 864.632505, 177.692898, -20.816393
2096, 864.632505, 177.641791, -23.023729
2097, 864.632505, 177.567321, -25.22871
2098, 864.632505, 177.485555, -27.431093
2099, 864.632505, 177.27712, -29.628321
2100, 864.632505, 177.177938, -31.823004
2101, 864.632505, 176.878234, -34.01162
2102, 864.632505, 176.732492, -36.197414
2103, 864.632505, 176.561701, -38.379669
2104, 864.632505, 176.161411, -40.555367
2105, 864.632505, 175.945324, -42.728043
2106, 864.632505, 175.466535, -44.894627
2107, 864.632505, 175.18096, -47.057426
2108, 864.632505, 174.559737, -49.21122
2109, 864.632505, 174.18313, -51.360744
2110, 864.632505, 173.407753, -53.497482
2111, 864.632505, 173.023873, -55.62714
2112, 864.632505, 172.52214, -57.748848
2113, 864.632505, 171.629968, -59.859913
2114, 864.632505, 170.986531, -61.964607
2115, 864.632505, 169.863961, -64.05703
2116, 864.632505, 168.617558, -66.137726
2117, 864.632505, 167.863434, -68.212013
2118, 864.632505, 166.453095, -70.277824
2119, 864.632505, 165.61223, -72.339203
2120, 864.632505, 163.879483, -74.392609
2121, 864.632505, 162.854557, -76.442009
2122, 864.632505, 160.823603, -78.48452
2123, 864.632505, 159.627555, -80.523598
2124, 864.632505, 158.261088, -82.559265
2125, 864.632505, 156.145218, -84.59037
2126, 864.632505, 153.346424, -86.616791
2127, 864.632505, 150.526041, -88.639687
2128, 864.632505, 148.939716, -90.660851
2129, 864.62949, 147.512777, -92.680649
2130, 864.562619, 144.106024, -94.697929
2131, 864.509481, 142.426385, -96.714195
2132, 864.268028, 138.704902, -98.728722
2133, 864.101842, 136.704688, -100.7425
2134, 863.660557, 133.038436, -102.747063
2135, 863.372848, 130.994192, -104.589355
2136, 862.930512, 127.950143, -105.595367
2137, 862.718128, 126.512129, -106.2369
2138, 862.45135, 124.749765, -106.544861
2139, 862.347998, 124.074833, -106.739418
2140, 862.277189, 123.625398, -106.831848
2141, 862.257882, 123.505081, -106.888153
2142, 862.243263, 123.416986, -106.9086
2143, 862.240347, 123.399716, -106.91581
2144, 862.240347, 123.399716, -106.91581
2145, 862.240347, 123.399716, -106.91581
2146, 862.240347, 123.399716, -106.91581
2147, 862.240087, 123.398861, -106.934464
2148, 862.233026, 123.375672, -107.077278
2149, 862.224533, 123.347929, -107.35598
2150, 862.182004, 123.211184, -107.935242
2151, 862.143215, 123.088754, -108.670914
2152, 862.026269, 122.733949, -109.583908
2153, 861.858996, 122.246823, -110.607162
2154, 861.748146, 121.932894, -111.676544
2155, 861.637275, 121.628421, -112.776192
2156, 861.279728, 120.716121, -113.904221
2157, 861.090876, 120.249137, -115.028122
2158, 860.654296, 119.233386, -115.93235
2159, 860.396894, 118.651093, -116.644135
2160, 860.11708, 118.035406, -117.166054
2161, 859.647549, 117.00761, -117.46283
2162, 859.486084, 116.655147, -117.673553
2163, 859.322651, 116.300308, -117.789307
2164, 859.261219, 116.167354, -117.865128
2165, 859.212908, 116.063357, -117.900719
2166, 859.198269, 116.031946, -117.918442
2167, 859.198269, 116.031946, -117.918442
2168, 859.196972, 116.029498, -117.923302
2169, 859.17188, 115.982153, -117.874763
2170, 859.093905, 115.834791, -117.7686
2171, 859.026236, 115.706613, -117.635399
2172, 858.944289, 115.550883, -117.480728
2173, 858.635174, 114.959136, -117.291054
2174, 858.431348, 114.567273, -117.083885
2175, 857.98474, 113.701664, -116.852745
2176, 857.645335, 113.03997, -116.609993
2177, 856.997524, 111.764126, -116.354843
2178, 856.081877, 109.939999, -116.090149
2179, 855.102372, 107.968321, -115.819115
2180, 854.490304, 106.728157, -115.54509
2181, 853.932701, 105.590664, -115.268639
2182, 852.624539, 102.880317, -114.989006
2183, 851.901442, 101.370488, -114.708069
2184, 850.58009, 98.571818, -114.425049
2185, 849.667863, 96.621791, -114.141281
2186, 847.220715, 94.876388, -113.856506
2187, 845.641414, 93.396179, -113.571152
2188, 843.17484, 91.235083, -113.285271
2189, 840.410095, 88.049784, -112.998917
2190, 837.886083, 84.644817, -112.71209
2191, 836.3804, 82.686596, -112.424866
2192, 835.151526, 81.077282, -112.137436
2193, 831.977342, 76.955468, -111.849754
2194, 830.478203, 75.008771, -111.561829
2195, 827.443001, 71.067431, -111.273911
2196, 825.746597, 68.864578, -110.986145
2197, 822.378588, 64.491073, -110.698227
2198, 820.496435, 62.047016, -110.410149
2199, 816.819148, 57.271902, -110.122375
2200, 814.733604, 54.563733, -109.834343
2201, 810.79859, 49.453948, -109.545944
2202, 806.992152, 44.511125, -109.25753
2203, 804.927254, 41.829766, -108.969032
2204, 802.922406, 39.226385, -108.680389
2205, 798.63133, 33.654237, -108.389694
2206, 794.991697, 27.522748, -108.077393
2207, 793.144285, 24.079708, -107.753342
2208, 790.000043, 17.168036, -107.405594
2209, 788.30444, 13.17871, -107.043839
2210, 786.63994, 9.017358, -106.667152
2211, 784.049585, 1.937966, -106.248505
2212, 782.424858, -2.714087, -105.795418
2213, 780.133718, -9.713047, -105.292465
2214, 777.589477, -18.014157, -104.729721
2215, 775.245076, -25.7074, -104.078903
2216, 773.922553, -30.065391, -103.376091
2217, 772.86443, -33.690424, -102.63308
2218, 770.449549, -42.049949, -101.820953
2219, 769.451162, -45.684897, -100.973877
2220, 767.476738, -52.957505, -100.070877
2221, 766.485216, -56.871946, -99.137703
2222, 764.655033, -64.204197, -98.161827
2223, 763.747382, -68.174501, -97.160606
2224, 762.085033, -75.581226, -96.126305
2225, 761.262732, -79.683451, -95.077599
2226, 760.072611, -87.118302, -94.011093
2227, 759.475934, -91.340621, -92.936722
2228, 758.65309, -98.940529, -91.852913
2229, 758.065089, -106.114077, -90.762627
2230, 757.791931, -110.09973, -89.669464
2231, 757.486509, -117.164716, -88.57431
2232, 757.36525, -121.255779, -87.49765
2233, 757.17575, -128.327856, -86.549194
2234, 757.082695, -132.067601, -85.698509
2235, 756.946455, -138.145908, -85.171867
2236, 756.890333, -140.7509, -84.77771
2237, 756.79048, -145.635749, -84.558159
2238, 756.749276, -147.68782, -84.401337
2239, 756.677795, -151.32825, -84.322739
2240, 756.650228, -152.741842, -84.270844
2241, 756.606505, -154.998876, -84.253792
2242, 756.590082, -155.847461, -84.249565
2243, 756.574341, -156.660757, -84.249565
2244, 756.574341, -156.660757, -84.249565
2245, 756.574341, -156.660757, -84.249565
2246, 756.574341, -156.660757, -84.249565
2247, 756.574341, -156.660757, -84.246193
2248, 756.575947, -156.676696, -84.216988
2249, 756.578166, -156.698645, -84.168304
2250, 756.589527, -156.810138, -84.090813
2251, 756.599795, -156.910177, -83.994926
2252, 756.637322, -157.269773, -83.853539
2253, 756.703992, -157.896266, -83.666267
2254, 756.738076, -158.21265, -83.459641
2255, 756.778305, -158.579625, -83.231865
2256, 756.891924, -159.577069, -82.969589
2257, 756.974224, -160.282454, -82.687485
2258, 757.160175, -161.807598, -82.38031
2259, 757.281168, -162.77516, -82.061165
2260, 757.571292, -164.980464, -81.726715
2261, 757.899104, -167.368164, -81.382118
2262, 758.097223, -168.77693, -81.032997
2263, 758.282929, -170.065819, -80.680443
2264, 758.734322, -173.038107, -80.322151
2265, 758.996334, -174.71913, -79.961891
2266, 759.584125, -178.29992, -79.598991
2267, 759.936684, -180.392459, -79.234703
2268, 760.31239, -182.561328, -78.869408
2269, 761.030285, -186.513928, -78.504547
2270, 761.494849, -189.006204, -78.139908
2271, 762.436104, -193.823604, -77.818634
2272, 763.439752, -198.771231, -77.541168
2273, 764.017158, -201.566966, -77.288902
2274, 764.550351, -204.106651, -77.062927
2275, 765.743529, -209.605906, -76.890465
2276, 766.411217, -212.64, -76.746605
2277, 767.837209, -218.955063, -76.656998
2278, 768.523383, -221.966974, -76.588623
2279, 769.363154, -225.617839, -76.541397
2280, 770.82757, -231.899582, -76.519318
2281, 771.804036, -236.062571, -76.511215
2282, 773.58631, -243.59819, -76.52021
2283, 775.391451, -251.194147, -76.541039
2284, 776.424098, -255.533332, -76.567253
2285, 777.383651, -259.562727, -76.597939
2286, 779.213012, -267.243181, -76.635704
2287, 780.229308, -271.512147, -76.676735
2288, 781.220772, -275.68093, -76.720352
2289, 783.025043, -283.286975, -76.768181
2290, 784.048005, -287.606767, -76.817749
2291, 786.022615, -295.979178, -76.870407
2292, 787.029358, -300.256922, -76.924751
2293, 788.041404, -304.568252, -76.980453
2294, 789.902712, -312.539711, -77.039055
2295, 790.875699, -316.718071, -77.098381
2296, 792.760589, -324.860529, -77.160065
2297, 794.007528, -330.267358, -77.22625
2298, 794.67739, -333.178483, -77.301292
2299, 796.583429, -341.525896, -77.423203
2300, 797.529031, -345.685105, -77.570618
2301, 799.345117, -353.761894, -77.793526
2302, 800.216478, -357.663438, -78.059113
2303, 801.063214, -361.490199, -78.36248
2304, 802.83117, -369.502547, -78.771957
2305, 803.669554, -373.371232, -79.241005
2306, 805.410901, -381.447163, -79.804993
2307, 806.277839, -385.600851, -80.415909
2308, 807.770155, -392.801566, -81.085388
2309, 808.66304, -397.344565, -81.789246
2310, 810.091591, -404.686916, -82.537445
2311, 810.723918, -408.119262, -83.305878
2312, 811.484632, -412.590237, -84.094406
2313, 812.549914, -419.794951, -84.905342
2314, 813.13614, -424.107145, -85.726768
2315, 814.058524, -432.276114, -86.56041
2316, 814.51258, -436.733404, -87.399254
2317, 815.128647, -444.210349, -88.242996
2318, 815.414144, -448.127764, -89.088203
2319, 813.25806, -453.610015, -89.935265
2320, 811.694757, -456.204913, -90.782913
2321, 808.194069, -460.483556, -91.624695
2322, 806.313529, -462.848675, -92.454323
2323, 804.382898, -465.208348, -93.268448
2324, 801.336708, -468.931491, -94.027863
2325, 799.620137, -471.750886, -94.742737
2326, 797.716155, -476.3367, -95.357193
2327, 796.008927, -482.384917, -95.845985
2328, 794.726235, -488.340621, -96.163864
2329, 794.042073, -491.902649, -96.3694
2330, 793.494458, -494.989905, -96.486427
2331, 794.235727, -500.420351, -96.455742
2332, 795.1383, -503.081557, -96.357216
2333, 796.978996, -508.520841, -96.134041
2334, 797.72154, -511.534927, -95.858658
2335, 798.43204, -517.672524, -95.522537
2336, 798.680606, -521.115732, -95.161873
2337, 798.753547, -528.047606, -94.77356
2338, 798.604946, -534.727238, -94.369331
2339, 798.480366, -538.517873, -93.958939
2340, 798.353248, -541.786188, -93.54406
2341, 797.958006, -550.049154, -93.122681
2342, 797.763071, -554.020486, -92.698853
2343, 797.385092, -561.827613, -92.27153
2344, 797.330743, -566.08336, -91.842659
2345, 797.326084, -574.119776, -91.412628
2346, 797.312943, -578.546732, -90.98317
2347, 797.244381, -586.929449, -90.564369
2348, 797.176185, -594.72292, -90.169022
2349, 797.143781, -598.95595, -89.785309
2350, 797.122136, -602.733014, -89.410858
2351, 797.12553, -611.50291, -89.054276
2352, 797.138825, -615.544177, -88.705238
2353, 797.228345, -624.088502, -88.368156
2354, 797.293516, -628.69181, -88.036346
2355, 797.446515, -636.091535, -87.711906
2356, 797.555331, -640.536531, -87.39119
2357, 797.817573, -648.729356, -87.075058
2358, 798.123557, -656.654553, -86.762749
2359, 798.302983, -660.925137, -86.452141
2360, 798.469118, -664.594135, -86.142952
2361, 798.948021, -673.489921, -85.836792
2362, 799.186016, -677.641073, -85.531853
2363, 799.471905, -682.281082, -85.227577
2364, 800.027218, -690.29815, -84.924309
2365, 800.343676, -694.631354, -84.621521
2366, 800.993334, -702.704352, -84.319679
2367, 801.371427, -707.191612, -84.020096
2368, 801.400432, -711.370355, -83.737068
2369, 798.386589, -717.574867, -83.526688
2370, 797.088311, -721.208934, -83.361908
2371, 795.779253, -728.767136, -83.275818
2372, 795.31481, -732.82745, -83.225105
2373, 795.041471, -739.638065, -83.215347
2374, 795.00076, -743.761825, -83.225029
2375, 795.047195, -747.559081, -83.249557
2376, 795.910108, -755.410832, -83.297897
2377, 797.023967, -759.602429, -83.360374
2378, 798.753406, -767.818855, -83.448433
2379, 799.494557, -771.643131, -83.547035
2380, 800.311229, -776.257575, -83.654999
2381, 801.533885, -784.200745, -83.780327
2382, 802.127068, -788.27151, -83.913055
2383, 803.230455, -796.672084, -84.068138
2384, 803.759268, -800.861974, -84.240761
2385, 804.25413, -804.931448, -84.432541
2386, 805.23643, -813.670811, -84.680298
2387, 805.695637, -817.892853, -84.952393
2388, 806.135626, -822.085912, -85.263649
2389, 806.876245, -829.678013, -85.632744
2390, 807.310703, -834.34307, -86.036835
2391, 807.70687, -838.827941, -86.469757
2392, 808.293145, -846.188089, -86.934883
2393, 808.636487, -850.81325, -87.416145
2394, 809.167913, -859.183654, -87.91674
2395, 809.422479, -863.561648, -88.425194
2396, 809.773377, -870.833196, -88.942688
2397, 809.958963, -875.21213, -89.464775
2398, 810.107093, -879.292602, -89.990112
2399, 810.236331, -883.737733, -90.518333
2400, 810.361251, -891.822433, -91.050705
2401, 810.399416, -896.068908, -91.584976
2402, 810.365672, -904.183129, -92.121315
2403, 810.32989, -907.887204, -92.658386
2404, 810.259574, -912.110241, -93.186882
2405, 810.017297, -920.086406, -93.673309
2406, 809.875024, -924.003138, -94.134636
2407, 809.466705, -932.273481, -94.543983
2408, 809.236424, -936.460067, -94.92775
2409, 808.7252, -944.245585, -95.275589
2410, 808.412527, -948.655363, -95.606262
2411, 808.098403, -952.792245, -95.923134
2412, 807.403033, -960.897712, -96.220985
2413, 806.99559, -965.4027, -96.510155
2414, 806.574414, -969.831142, -96.792191
2415, 805.730622, -977.972241, -97.064781
2416, 805.318877, -981.815808, -97.333595
2417, 804.806844, -986.406793, -97.598801
2418, 803.859351, -994.359219, -97.859444
2419, 803.36407, -998.400599, -98.118126
2420, 802.375325, -1006.047952, -98.374039
2421, 801.780289, -1010.52638, -98.628403
2422, 801.22369, -1014.609749, -98.881813
2423, 800.610639, -1018.982372, -99.134262
2424, 799.485403, -1026.63082, -99.3853
2425, 798.921056, -1030.388696, -99.635651
2426, 798.276393, -1034.578932, -99.885025
2427, 797.488825, -1039.551854, -100.133499
2428, 796.928585, -1047.202542, -100.38063
2429, 797.473357, -1051.013891, -100.627098
2430, 797.798521, -1054.819534, -100.87291
2431, 797.939051, -1059.062404, -101.118263
2432, 797.641842, -1066.46131, -101.362617
2433, 797.329318, -1070.859484, -101.606384
2434, 797.329287, -1075.150968, -101.849724
2435, 797.327694, -1079.427387, -102.092842
2436, 797.327636, -1087.650001, -102.334969
2437, 797.325041, -1091.507267, -102.576614
2438, 797.323729, -1095.121169, -102.818054
2439, 797.323691, -1100.406054, -103.05925
2440, 797.323636, -1108.210127, -103.30027
2441, 797.323607, -1112.355803, -103.541222
2442, 797.323579, -1116.26017, -103.782036
2443, 797.226263, -1124.236511, -104.02224
2444, 796.962745, -1128.742843, -104.26104
2445, 796.558925, -1133.007349, -104.498512
2446, 796.047923, -1137.12429, -104.734528
2447, 794.64932, -1145.217457, -104.967903
2448, 793.980592, -1148.77891, -105.200424
2449, 793.07243, -1153.223105, -105.431625
2450, 794.138579, -1159.728577, -105.661308
2451, 794.899652, -1162.586969, -105.890167
2452, 795.854589, -1165.280693, -106.117798
2453, 797.592402, -1171.576277, -106.342712
2454, 798.116946, -1174.762519, -106.566528
2455, 798.364941, -1177.702846, -106.789322
2456, 798.024998, -1184.143864, -107.010704
2457, 797.676986, -1187.600829, -107.231583
2458, 797.35812, -1191.000779, -107.451904
2459, 797.358071, -1197.935333, -107.671341
2460, 797.335535, -1201.877337, -107.890511
2461, 797.335508, -1205.711046, -108.109222
2462, 797.335456, -1213.055687, -108.32766
2463, 797.333249, -1216.874222, -108.545898
2464, 797.33322, -1221.020065, -108.76403
2465, 797.333165, -1228.782873, -108.958931
2466, 797.312807, -1232.588168, -109.123955
2467, 797.31269, -1235.638848, -109.264359
2468, 797.312085, -1241.602787, -109.362083
2469, 797.308222, -1244.657667, -109.437805
2470, 797.303026, -1247.343816, -109.494446
2471, 797.296589, -1250.08293, -109.532341
2472, 797.287299, -1253.679881, -109.548141
2473, 797.283008, -1255.318263, -109.553513
2474, 797.278489, -1257.043721, -109.553513
2475, 797.272695, -1259.255633, -109.553513
2476, 797.270417, -1260.125506, -109.553513
2477, 797.26872, -1260.773421, -109.553513
2478, 797.267241, -1261.338065, -109.553513
2479, 797.267241, -1261.338065, -109.553513
2480, 797.267241, -1261.338065, -109.553513
2481, 797.267241, -1261.338065, -109.553513
2482, 797.267241, -1261.338065, -109.553513
2483, 797.267241, -1261.338065, -109.553513
2484, 797.267, -1261.338745, -109.548882
2485, 797.263212, -1261.34941, -109.507034
2486, 797.236133, -1261.425823, -109.415001
2487, 797.213963, -1261.488546, -109.294685
2488, 797.1821, -1261.579061, -109.14782
2489, 797.042384, -1261.979654, -108.947411
2490, 796.948636, -1262.250013, -108.72142
2491, 796.841282, -1262.561929, -108.475403
2492, 796.705357, -1262.960628, -108.2099
2493, 796.38171, -1263.926557, -107.919098
2494, 796.156843, -1264.604796, -107.616562
2495, 795.918018, -1265.333586, -107.304977
2496, 795.663367, -1266.120633, -106.986115
2497, 795.069825, -1268.002469, -106.656754
2498, 794.775103, -1268.947527, -106.323425
2499, 794.480478, -1269.904139, -105.986656
2500, 793.68101, -1272.582842, -105.644028
2501, 793.26288, -1274.003894, -105.299355
2502, 792.852626, -1275.419345, -104.952896
2503, 792.44338, -1276.854127, -104.605064
2504, 791.540408, -1280.130792, -104.25473
2505, 791.113457, -1281.70294, -103.903397
2506, 791.558043, -1282.974502, -103.551079
2507, 792.209657, -1284.190284, -103.197823
2508, 792.851806, -1285.3802, -102.843941
2509, 794.080848, -1287.696669, -102.489029
2510, 794.50398, -1288.852784, -102.134003
2511, 794.911971, -1289.969945, -101.77845
2512, 795.994002, -1292.876271, -101.422523
2513, 796.35787, -1294.391497, -101.06636
2514, 796.583534, -1295.92045, -100.710152
2515, 796.874109, -1297.385705, -100.353828
2516, 797.383406, -1300.7748, -99.997322
2517, 797.525234, -1302.306082, -99.640747
2518, 797.59696, -1304.329375, -99.283936
2519, 797.583842, -1306.387904, -98.92701
2520, 797.338759, -1310.74861, -98.569893
2521, 797.323541, -1312.776729, -98.212975
2522, 797.31582, -1314.838328, -97.856026
2523, 797.315787, -1319.508296, -97.498787
2524, 797.315768, -1322.167311, -97.141479
2525, 797.315749, -1324.81824, -96.784401
2526, 797.315731, -1327.451848, -96.427452
2527, 797.315691, -1333.102027, -96.070717
2528, 797.31454, -1335.719723, -95.71476
2529, 797.314082, -1338.298047, -95.364632
2530, 797.311933, -1343.77697, -95.091637
2531, 797.310077, -1346.222546, -94.867386
2532, 797.309985, -1348.374128, -94.687149
2533, 797.309736, -1350.199205, -94.544205
2534, 797.309714, -1353.247164, -94.456787
2535, 797.309619, -1354.415149, -94.391418
2536, 797.30961, -1355.625277, -94.348381
2537, 797.309596, -1356.587111, -94.32338
2538, 797.559585, -1357.332583, -94.313461
2539, 797.559559, -1357.818277, -94.313461
2540, 797.559559, -1357.818277, -94.313461
2541, 797.559559, -1357.818277, -94.313461
2542, 797.559559, -1357.818277, -94.313461
2543, 797.559559, -1357.818277, -94.313461
2544, 797.559559, -1357.818277, -94.313461
2545, 797.559559, -1357.818277, -94.313461
2546, 797.559559, -1357.818277, -94.313461
2547, 797.559559, -1357.818277, -94.313461
2548, 797.559559, -1357.818277, -94.313461
2549, 797.559559, -1357.818277, -94.313461
2550, 797.559559, -1357.818277, -94.313461
2551, 797.559559, -1357.818277, -94.313461
2552, 797.559559, -1357.818277, -94.313461
2553, 797.559559, -1357.818277, -94.313461
2554, 797.559559, -1357.818277, -94.313461
2555, 797.559559, -1357.818277, -94.313461
2556, 797.559559, -1357.818277, -94.313461
2557, 797.55922, -1357.822773, -94.288155
2558, 797.557909, -1357.840234, -94.221214
2559, 797.554978, -1357.879705, -94.110229
2560, 797.5496, -1357.953457, -93.952644
2561, 797.539556, -1358.095134, -93.740105
2562, 797.50965, -1358.539378, -93.452019
2563, 797.491339, -1358.821145, -93.133308
2564, 797.46906, -1359.182047, -92.788597
2565, 797.40711, -1360.315665, -92.408119
2566, 797.372897, -1360.986276, -92.013527
2567, 797.338414, -1361.723641, -91.608192
2568, 797.313752, -1362.529515, -91.194153
2569, 797.312389, -1363.401771, -90.773468
2570, 797.310957, -1365.499712, -90.343979
2571, 797.309207, -1366.49361, -89.911255
2572, 797.307929, -1367.840512, -89.475594
2573, 797.309915, -1369.24205, -89.037537
2574, 797.317511, -1370.760126, -88.597885
2575, 797.35905, -1373.959713, -88.156296
2576, 797.385298, -1375.523966, -87.713776
2577, 797.419914, -1377.150738, -87.27063
2578, 797.462649, -1378.783344, -86.826889
2579, 797.60763, -1382.662613, -86.424934
2580, 797.703354, -1384.899369, -86.065559
2581, 797.814718, -1387.204953, -85.753006
2582, 797.942261, -1389.579646, -85.49765
2583, 798.08135, -1391.949206, -85.316887
2584, 798.233727, -1394.359483, -85.215691
2585, 798.610016, -1399.653908, -85.24453
2586, 798.792175, -1402.140708, -85.326889
2587, 798.970715, -1404.531594, -85.4795
2588, 799.202999, -1407.604888, -85.70694
2589, 799.461879, -1411.035219, -86.000633
2590, 799.914132, -1417.193644, -86.373375
2591, 800.142706, -1420.388731, -86.782928
2592, 800.358457, -1423.525742, -87.232887
2593, 800.566349, -1426.717825, -87.725174
2594, 800.782853, -1430.315776, -88.270744
2595, 801.113998, -1436.921565, -88.875069
2596, 801.257409, -1440.091837, -89.50116
2597, 801.411664, -1444.155805, -90.147713
2598, 801.534687, -1448.254068, -90.808907
2599, 801.628846, -1452.80242, -91.481506
2600, 801.662502, -1460.674835, -92.166412
2601, 801.649405, -1464.623322, -92.856079
2602, 801.60685, -1468.381908, -93.549652
2603, 801.533347, -1472.076437, -94.24614
2604, 801.238832, -1479.716255, -94.947632
2605, 801.032965, -1484.007582, -95.656845
2606, 800.789858, -1488.212625, -96.378868
2607, 800.5183, -1492.220529, -97.118607
2608, 800.170534, -1496.607087, -97.877968
2609, 799.443757, -1503.944836, -98.67334
2610, 799.057316, -1507.523755, -99.498871
2611, 798.694217, -1510.854739, -100.363129
2612, 797.777462, -1519.031727, -101.325455
2613, 797.197116, -1524.101598, -102.347885
2614, 796.878546, -1526.847783, -103.406357
2615, 796.470504, -1530.297995, -104.50695
2616, 795.559335, -1537.660388, -105.682846
2617, 795.063515, -1541.561663, -106.898796
2618, 794.572724, -1545.316232, -108.151833
2619, 794.117911, -1548.700772, -109.433586
2620, 793.118717, -1555.702132, -110.780685
2621, 792.656038, -1558.852257, -112.157967
2622, 792.206526, -1561.825132, -113.563477
2623, 791.600163, -1565.679202, -115.002487
2624, 790.416066, -1572.673131, -116.492966
2625, 789.850784, -1575.897487, -118.012245
2626, 789.276678, -1579.057234, -119.555908
2627, 788.695096, -1582.144073, -121.121658
2628, 787.516221, -1587.982892, -122.718193
2629, 786.814649, -1591.321325, -124.329254
2630, 786.12251, -1594.489362, -125.951584
2631, 785.127413, -1597.757679, -127.583427
2632, 783.319583, -1603.421465, -129.232224
2633, 782.378335, -1605.324634, -130.890808
2634, 781.554999, -1605.219291, -132.567841
2635, 779.904652, -1605.101473, -134.278214
2636, 778.775087, -1605.099762, -136.010559
2637, 778.210503, -1605.100969, -137.754486
2638, 777.447482, -1605.088664, -139.51767
2639, 775.755383, -1605.088657, -141.325195
2640, 775.008333, -1605.097575, -143.151245
2641, 774.064115, -1605.097571, -144.996735
2642, 773.100629, -1605.097567, -146.860397
2643, 771.992814, -1605.097562, -148.745895
2644, 770.204661, -1605.097555, -150.667313
2645, 769.2408, -1605.099829, -152.609039
2646, 768.246805, -1605.100326, -154.569443
2647, 766.032719, -1605.100316, -156.570435
2648, 764.850444, -1605.100311, -158.597977
2649, 763.680953, -1605.101138, -160.650665
2650, 762.519152, -1605.102319, -162.743103
2651, 760.042889, -1605.102308, -164.938797
2652, 758.916524, -1605.104997, -167.177368
2653, 757.531916, -1605.104991, -169.469467
2654, 756.40156, -1605.109421, -171.805481
2655, 755.469803, -1605.109417, -174.180634
2656, 754.713886, -1605.10984, -176.591568
2657, 754.714689, -1605.109792, -179.016113
2658, 754.719756, -1605.109673, 178.547485
2659, 754.753029, -1605.109673, 176.176758
2660, 754.777131, -1605.109673, 173.896088
2661, 754.842561, -1605.109673, 172.62262
2662, 754.876532, -1605.109673, 171.776886
2663, 754.91312, -1605.109673, 171.244965
2664, 754.998989, -1605.109674, 171.017517
2665, 755.038163, -1605.109674, 170.879333
2666, 755.083631, -1605.109838, 170.807022
2667, 755.112333, -1605.109838, 170.789474
2668, 755.113494, -1605.109842, 170.788239
2669, 755.113494, -1605.109842, 170.788239
2670, 755.113494, -1605.109842, 170.788239
2671, 755.113494, -1605.109842, 170.788239
2672, 755.113494, -1605.109842, 170.788239
2673, 755.113494, -1605.109842, 170.788239
2674, 755.113494, -1605.109842, 170.788239
2675, 755.113494, -1605.109842, 170.788239
2676, 755.113494, -1605.109842, 170.788239
2677, 755.093659, -1605.106625, 170.965668
2678, 755.077681, -1605.104061, 171.254623
2679, 755.035926, -1605.097524, 171.696854
2680, 754.856962, -1605.070903, 172.323013
2681, 754.73722, -1605.053735, 173.022812
2682, 754.223803, -1604.987291, 173.840607
2683, 753.902107, -1604.948079, 174.683441
2684, 753.551286, -1604.908364, 175.542358
2685, 752.523601, -1604.81073, 176.372955
2686, 751.866691, -1604.754403, 177.18013
2687, 751.145096, -1604.699707, 177.961288
2688, 749.452648, -1604.602462, 178.706573
2689, 748.64311, -1604.561921, 179.437317
2690, 747.550941, -1604.518252, -179.847626
2691, 746.137773, -1604.478845, -179.153793
2692, 743.8902, -1604.452319, -178.507126
2693, 742.518819, -1604.447593, -177.890076
2694, 740.818069, -1604.458823, -177.327698
2695, 737.697981, -1604.528167, -176.895126
2696, 735.966944, -1604.57835, -176.549271
2697, 734.32687, -1604.635676, -176.297424
2698, 730.563772, -1604.809675, -176.255463
2699, 728.360972, -1604.920709, -176.311829
2700, 726.128875, -1605.039787, -176.445496
2701, 723.907039, -1605.097474, -176.63562
2702, 719.082503, -1605.097453, -176.889008
2703, 716.797198, -1605.108547, -177.16449
2704, 714.042753, -1605.108535, -177.458099
2705, 708.647579, -1605.197412, -177.772186
2706, 705.920268, -1605.253746, -178.093491
2707, 703.084548, -1605.319036, -178.420609
2708, 697.650179, -1605.452375, -178.754517
2709, 694.356624, -1605.531358, -179.091309
2710, 691.064733, -1605.605152, -179.430298
2711, 684.313466, -1605.725766, -179.769623
2712, 680.984745, -1605.77697, 179.8936
2713, 677.978455, -1605.814992, 179.561829
2714, 670.255056, -1605.853682, 179.251663
2715, 666.389017, -1605.859931, 178.962891
2716, 662.546936, -1605.852334, 178.702652
2717, 658.570771, -1605.829342, 178.481934
2718, 650.907226, -1605.731906, 178.32016
2719, 646.413282, -1605.642401, 178.189133
2720, 642.148025, -1604.92801, 178.082932
2721, 637.724407, -1604.305384, 177.997925
2722, 629.775596, -1603.479829, 177.939194
2723, 626.068361, -1603.13644, 177.890762
2724, 622.220566, -1602.816807, 177.850998
2725, 613.732777, -1602.254126, 177.824142
2726, 609.462218, -1601.993856, 177.802719
2727, 605.363791, -1601.76086, 177.785385
2728, 601.254567, -1601.540827, 177.771454
2729, 593.382025, -1601.158638, 177.762375
2730, 589.696114, -1600.985396, 177.755142
2731, 585.393451, -1600.789541, 177.749893
2732, 580.525558, -1600.574451, 177.746277
2733, 572.51186, -1600.233803, 177.744492
2734, 568.621049, -1600.0705, 177.743561
2735, 564.819076, -1599.912578, 177.744049
2736, 557.001328, -1599.593553, 177.745209
2737, 552.573093, -1599.414074, 177.745956
2738, 548.2525, -1599.239921, 177.747864
2739, 544.003972, -1599.069454, 177.750153
2740, 539.754506, -1598.899615, 177.752762
2741, 531.661999, -1598.578237, 177.755463
2742, 527.951714, -1598.431205, 177.758469
2743, 524.172535, -1598.281751, 177.761627
2744, 515.516131, -1597.940906, 177.764893
2745, 511.233317, -1597.772549, 177.768341
2746, 507.108261, -1597.61065, 177.771881
2747, 503.185753, -1597.456931, 177.775436
2748, 498.569912, -1597.276364, 177.779007
2749, 491.289525, -1596.992336, 177.782471
2750, 487.719293, -1596.853215, 177.785873
2751, 483.26664, -1596.679974, 177.789001
2752, 478.22673, -1596.484218, 177.791687
2753, 470.370144, -1596.179807, 177.793839
2754, 466.240768, -1596.019978, 177.795456
2755, 462.352179, -1595.869609, 177.796829
2756, 458.493879, -1595.720541, 177.797516
2757, 450.403124, -1595.408414, 177.796371
2758, 446.64415, -1595.263466, 177.795685
2759, 442.068266, -1595.087082, 177.7939
2760, 437.761051, -1594.921073, 177.791656
2761, 433.439846, -1594.754508, 177.788849
2762, 428.922653, -1594.58033, 177.78537
2763, 420.649667, -1594.260999, 177.781067
2764, 416.80262, -1594.11241, 177.776611
2765, 412.989693, -1593.965009, 177.77211
2766, 408.98536, -1593.810035, 177.767059
2767, 401.305444, -1593.512067, 177.761154
2768, 396.778525, -1593.336163, 177.754562
2769, 392.391886, -1593.16541, 177.747726
2770, 388.192231, -1593.001621, 177.740509
2771, 383.985036, -1592.837183, 177.733109
2772, 379.743164, -1592.670992, 177.725616
2773, 375.106667, -1592.488831, 177.717407
2774, 367.400723, -1592.184605, 177.684143
2775, 363.544622, -1592.031737, 177.63298
2776, 359.930272, -1591.887473, 177.566147
2777, 351.87663, -1591.558737, 177.460358
2778, 347.280393, -1591.367833, 177.335648
2779, 342.781764, -1591.176518, 177.196045
2780, 338.406158, -1590.984982, 177.044281
2781, 334.13631, -1590.797364, 176.896851
2782, 330.023559, -1590.615775, 176.757187
2783, 325.82991, -1590.429492, 176.627518
2784, 321.806377, -1590.249544, 176.506378
2785, 317.960376, -1590.076257, 176.392426
2786, 314.102531, -1589.900999, 176.284775
2787, 310.277237, -1589.725668, 176.182663
2788, 304.990315, -1589.480158, 176.082932
2789, 302.225834, -1589.350845, 175.973831
2790, 295.374263, -1588.976569, 175.608887
2791, 291.852924, -1588.782695, 175.028595
2792, 288.518039, -1588.59711, 174.249039
2793, 284.891627, -1588.391984, 173.291458
2794, 278.2242, -1587.999682, 172.128036
2795, 274.373671, -1587.766379, 170.866745
2796, 270.635653, -1587.531808, 169.530869
2797, 266.896068, -1587.287196, 168.131699
2798, 263.330492, -1587.043142, 166.677628
2799, 259.834854, -1586.791678, 165.179443
2800, 256.376699, -1586.529144, 163.639771
2801, 253.241427, -1586.278262, 162.071335
2802, 249.41923, -1585.951052, 160.478058
2803, 243.631344, -1585.401682, 158.850021
2804, 240.721282, -1585.110198, 157.16954
2805, 238.071675, -1584.830206, 155.3918
2806, 235.391182, -1584.529492, 153.508713
2807, 231.079656, -1583.990826, 151.487717
2808, 228.687522, -1583.672321, 149.402527
2809, 226.570765, -1583.372496, 147.257431
2810, 224.717055, -1583.093551, 145.055145
2811, 222.936941, -1582.807977, 142.806671
2812, 220.146522, -1582.309598, 140.510223
2813, 218.880054, -1582.071639, 138.192871
2814, 217.406502, -1581.776933, 135.855057
2815, 215.96145, -1581.469049, 133.502106
2816, 213.555185, -1580.89941, 131.133148
2817, 212.426199, -1580.618684, 128.758224
2818, 211.352783, -1580.338831, 126.378723
2819, 208.936277, -1579.639531, 123.99234
2820, 207.766526, -1579.283828, 121.60331
2821, 206.769057, -1578.846356, 119.212357
2822, 204.946703, -1577.492562, 116.818733
2823, 203.987365, -1576.631468, 114.42392
2824, 202.500712, -1574.837864, 112.027603
2825, 201.873865, -1573.999177, 109.630638
2826, 201.171169, -1572.931853, 107.232979
2827, 200.144844, -1570.993913, 104.834679
2828, 199.557816, -1569.739326, 102.436005
2829, 198.766373, -1567.64536, 100.036903
2830, 198.126312, -1565.566696, 97.63752
2831, 197.782978, -1564.299643, 95.237923
2832, 197.281871, -1562.405385, 92.833252
2833, 196.981593, -1561.246992, 90.803627
2834, 196.693212, -1560.09628, 89.700577
2835, 196.486175, -1559.233053, 89.189041
2836, 196.374603, -1558.748189, 88.943764
2837, 196.308786, -1558.448771, 88.833015
2838, 196.285514, -1558.340213, 88.767845
2839, 196.267584, -1558.252721, 88.743294
2840, 196.263191, -1558.230744, 88.733025
2841, 196.263191, -1558.230744, 88.733025
2842, 196.263191, -1558.230744, 88.733025
2843, 196.263191, -1558.230744, 88.733025
2844, 196.263191, -1558.230744, 88.733025
2845, 196.263191, -1558.230744, 88.733025
2846, 196.263191, -1558.230744, 88.733025
2847, 196.263528, -1558.215506, 88.73159
2848, 196.263986, -1558.194832, 88.730774
2849, 196.266766, -1558.069229, 88.730263
2850, 196.269076, -1557.964946, 88.723595
2851, 196.277753, -1557.574774, 88.697792
2852, 196.284168, -1557.288642, 88.662766
2853, 196.301217, -1556.544773, 88.61599
2854, 196.328353, -1555.39418, 88.557121
2855, 196.361219, -1554.043517, 88.489326
2856, 196.382519, -1553.187587, 88.417427
2857, 196.427356, -1551.464514, 88.339897
2858, 196.455321, -1550.418095, 88.259605
2859, 196.518532, -1548.176832, 88.17543
2860, 196.601848, -1545.376645, 88.087997
2861, 196.690974, -1542.514999, 87.998489
2862, 196.745321, -1540.815736, 87.90789
2863, 196.869735, -1537.13763, 87.815918
2864, 196.939056, -1535.143038, 87.723579
2865, 197.084731, -1531.167058, 87.629791
2866, 197.249641, -1526.873519, 87.535507
2867, 197.449562, -1521.904118, 87.440536
2868, 197.652682, -1517.048769, 87.345078
2869, 197.767508, -1514.36114, 87.249237
2870, 197.994636, -1509.261719, 87.153099
2871, 198.124871, -1506.400773, 87.056297
2872, 198.433402, -1499.947408, 86.945282
2873, 198.748929, -1493.612844, 86.802269
2874, 198.940049, -1489.871453, 86.636017
2875, 199.281648, -1483.505004, 86.429703
2876, 199.70911, -1475.99348, 86.180122
2877, 200.138907, -1468.859626, 85.899178
2878, 200.643992, -1461.006184, 85.59388
2879, 200.932928, -1456.680104, 85.277649
2880, 201.504478, -1448.770759, 84.94693
2881, 201.832069, -1444.425362, 84.609543
2882, 202.433624, -1437.047197, 84.260277
2883, 203.186789, -1428.545086, 83.897797
2884, 203.650203, -1423.543955, 83.529121
2885, 204.388419, -1416.120445, 83.152275
2886, 205.318187, -1407.45357, 82.768509
2887, 206.215178, -1399.589655, 82.38031
2888, 207.244723, -1391.109509, 81.988564
2889, 208.226894, -1383.433687, 81.594666
2890, 208.700515, -1379.823107, 81.200218
2891, 209.891342, -1371.317866, 80.82296
2892, 210.417659, -1367.651762, 80.486816
2893, 211.641453, -1359.604197, 80.310577
2894, 213.055491, -1350.730317, 80.324326
2895, 214.342106, -1342.848541, 80.508598
2896, 215.036928, -1338.611701, 80.775154
2897, 216.25881, -1331.136883, 81.158287
2898, 217.030515, -1326.366021, 81.611412
2899, 218.114335, -1319.645518, 82.18158
2900, 219.41609, -1311.524113, 82.88781
2901, 220.589513, -1304.141485, 83.673546
2902, 221.823215, -1296.282567, 84.58194
2903, 222.471331, -1292.117138, 85.56118
2904, 223.577949, -1284.863633, 86.627937
2905, 224.206679, -1280.683581, 87.732719
2906, 225.15168, -1274.232889, 88.874016
2907, 225.90893, -1266.626692, 90.011642
2908, 226.370398, -1259.63827, 91.076385
2909, 226.643229, -1251.873979, 91.983498
2910, 226.733096, -1247.628594, 92.711739
2911, 226.709472, -1239.881474, 93.059181
2912, 226.656466, -1235.715695, 93.234818
2913, 226.438318, -1227.929048, 93.214539
2914, 226.27868, -1223.234448, 93.109444
2915, 225.991209, -1216.126145, 92.927223
2916, 225.617181, -1207.705275, 92.658775
2917, 225.268964, -1199.985511, 92.323196
2918, 224.905624, -1191.619657, 91.906624
2919, 224.597591, -1183.911923, 91.431595
2920, 224.450611, -1179.970943, 90.927307
2921, 224.307841, -1175.66964, 90.398506
2922, 224.121202, -1167.955007, 89.842285
2923, 224.002269, -1159.561083, 89.276367
2924, 223.963907, -1151.791515, 88.754059
2925, 223.964469, -1147.572584, 88.256432
2926, 224.04394, -1139.913781, 87.803894
2927, 224.10746, -1135.818476, 87.382645
2928, 224.315128, -1127.849963, 87.036377
2929, 224.468411, -1122.999479, 86.735229
2930, 224.756347, -1115.744807, 86.506111
2931, 225.165327, -1107.167023, 86.500809
2932, 225.576253, -1099.312289, 86.660538
2933, 225.829512, -1094.58613, 86.900726
2934, 226.223619, -1087.256238, 87.220787
2935, 226.443074, -1083.099494, 87.575371
2936, 226.831402, -1075.200871, 87.971077
2937, 227.054199, -1070.378903, 88.38485
2938, 227.345139, -1063.193393, 88.816353
2939, 227.626955, -1054.673106, 89.260452
2940, 227.832879, -1046.771506, 89.712296
2941, 227.935687, -1042.007384, 90.167793
2942, 228.035529, -1034.711749, 90.627823
2943, 228.07396, -1030.411459, 91.089355
2944, 228.068776, -1022.610293, 91.549873
2945, 228.040329, -1017.97321, 92.003059
2946, 227.916465, -1010.213511, 92.41201
2947, 227.806301, -1005.166558, 92.78096
2948, 227.579638, -997.74219, 93.088242
2949, 227.278289, -989.920654, 93.326965
2950, 226.887523, -981.387847, 93.506607
2951, 226.483683, -973.48813, 93.642555
2952, 226.263919, -969.373306, 93.759392
2953, 225.997979, -964.623382, 93.858421
2954, 225.492088, -956.215071, 93.933754
2955, 225.275732, -952.697599, 94.000069
2956, 224.71494, -944.025916, 94.046944
2957, 224.462441, -940.182993, 94.082489
2958, 223.786725, -930.163992, 94.072182
2959, 223.597163, -927.389951, 94.04937
2960, 223.059861, -919.621488, 93.996902
2961, 222.757938, -915.264779, 93.930389
2962, 222.203197, -907.235933, 93.846985
2963, 221.893258, -902.726093, 93.75515
2964, 221.31585, -894.182127, 93.65152
2965, 221.030027, -889.907781, 93.542274
2966, 220.498557, -881.745167, 93.423592
2967, 220.245162, -877.797321, 93.301376
2968, 219.754367, -869.874619, 93.172432
2969, 219.494732, -865.598282, 93.036507
2970, 219.018516, -857.385019, 92.877556
2971, 218.761613, -852.832341, 92.702362
2972, 218.530847, -848.613965, 92.513039
2973, 218.123788, -840.623802, 92.288803
2974, 217.90271, -836.088033, 92.047798
2975, 217.532719, -827.678066, 91.782898
2976, 217.358268, -823.484493, 91.508247
2977, 217.064048, -815.355468, 91.220413
2978, 216.92974, -811.351514, 90.92749
2979, 216.714317, -803.55841, 90.627327
2980, 216.610113, -799.303256, 90.323746
2981, 216.46207, -790.887859, 90.01561
2982, 216.398038, -786.34866, 89.705048
2983, 216.353959, -782.16048, 89.393013
2984, 216.329134, -774.048685, 89.078568
2985, 216.332841, -769.48548, 88.762878
2986, 216.355847, -764.909775, 88.446411
2987, 216.453762, -757.107851, 88.129181
2988, 216.529348, -752.556852, 87.811493
2989, 216.739659, -744.018652, 87.493126
2990, 216.993221, -735.937705, 87.174026
2991, 217.152357, -731.391538, 86.854576
2992, 217.289312, -727.805598, 86.534729
2993, 217.652835, -719.888928, 86.214211
2994, 217.859543, -715.726932, 85.893539
2995, 218.326391, -707.608234, 85.571838
2996, 218.604365, -703.08861, 85.248611
2997, 218.89782, -698.627988, 84.91864
2998, 219.472505, -690.828757, 84.574402
